feature	gain
p1	12392901.33493805
cheap_score_margin_cand	1794213.2348937988
p1_margin_s1	230417.21660995483
p1_gap_s1	148036.68779730797
p1_sum_s1	62925.41997051239
p1_n_above_half_s1	57735.565709114075
sib_num_sim	12365.785194396973
sib_raw_sim	7432.501476049423
num_contained	6485.418984413147
num_exact_share	6453.936250209808
sib_weighted	6359.575476169586
sib_addr_sim	6315.557300567627
addr_num_jaccard	4690.472568035126
p1_rank_s1	3268.861993789673
sib_pair_sim	2846.8150396347046
cheap_score	2762.8559370040894
name_clean_ratio	2298.536274909973
s1_name_freq	1950.7099285125732
addr_rare_shared_idf	1947.370231628418
cheap_score_rank_s1	1868.2757041454315
addr_token_set	1765.0806515216827
name_rare_shared_idf	1557.684609413147
cheap_score_gap_s1	1539.7478325366974
addr_token_sort	1534.1455597877502
cheap_score_other_s1_best	1531.04678606987
cand_name_freq_other	1483.1733677387238
n_s1_for_cand	1432.6393415927887
num_substituted	1430.5895347595215
addr_len_ratio	1415.5463693141937
name_prefix_len	1308.0889222621918
addr_sim	1194.298195362091
suffix_state	1185.9948196411133
addr_idf_cos	1168.500040769577
name_jw	1166.95144033432
cheap_score_margin_s1	1106.7300100326538
addr_partial	1104.264971256256
name_len_ratio	1091.5062592029572
addr_ratio	1082.6137948036194
script_2	985.9199256896973
house_ratio	840.152642250061
name_sim_margin_cand	799.4910514354706
addr_idf_jaccard	774.0715553760529
s1_addr_freq	725.6387202739716
name_ratio	695.7138075828552
name_sim_other_s1_best	676.6562788486481
name_nospace_ratio	661.4212050437927
name_token_sort	653.7265386581421
name_partial	644.0842113494873
name_token_set	626.5712397098541
cand_name_freq_s1	620.4960703849792
skel_ratio	606.1452491283417
name_idf_cos	590.8505432605743
name_nospace_partial	582.1524000167847
sib_name_sim	554.2701075077057
house_state	504.20940613746643
sib_n_anchors	502.25108337402344
cheap_score_rank_cand	500.55353689193726
name_jaccard	464.31379890441895
city_jaccard	459.81802916526794
name_idf_jaccard	457.01603603363037
skel_partial	432.6933374404907
name_ntok_2	431.10244488716125
addr_jaccard	362.4184911251068
name_ntok_1	345.4081811904907
name_sim	314.19129037857056
name_word_swap	303.317569732666
ka	297.13690090179443
addr_skel_token_set	277.1058506965637
name_extra_words	245.63666892051697
suffix_family_conflict	221.20487928390503
skel_jaccard	206.10643100738525
cand_addr_freq_s1	199.29856061935425
name_sim_rank_s1	179.00902891159058
name_sim_rank_cand	163.37925052642822
name1_in_addr2	149.45328950881958
script_diff	137.84645080566406
name_sim_gap_s1	133.78236150741577
knp	130.86630392074585
name_alt_token_set	130.82537126541138
name_sim_margin_s1	130.65351963043213
house_in_other	116.2307014465332
name2_in_addr1	100.62347936630249
postal_state	98.56793975830078
name_glued	96.89853954315186
kn	96.4998984336853
kt	73.32213926315308
kp	69.5775318145752
landmark_any	63.567439556121826
skel_token_set	50.80977010726929
name_first_tok_eq	33.06377983093262
name_acronym	8.014049530029297
kaa	6.109330177307129
n_cands_s1	0.0
addr_empty_1	0.0
addr_empty_2	0.0
script_1	0.0
